1589452,Chimere,Manticore,e.hunt@miHQ.fr,HUNT,Ethan,ROLE_USER
1369845,IMalesfond,JeSuisEnCale,m.irandac@yahoo.fr,MALESFOND,Irandac,ROLE_USER
36589742,Retina,Appletini,IPad@gmail.com,PADRINSKA,Ingrid,ROLE_USER
666,TheDevil,666vsGod,S.Atan@hotmail.com,ATAN,Simon,ROLE_USER
968542,Quality,Productivity,Qu.Ality@laposte.fr,ALITYAN,Quentin,ROLE_USER
84569756,Altond,aePhecaege1,OpheliaHervieux@armyspy.com,Hervieux,Ophelia,ROLE_USER
84569757,Rawastrand,haisuer7ziN,AngeletteBordeleau@armyspy.com,Bordeleau,Angelette,ROLE_USER
84569758,Abouty,ait8Ohz3oh,NicholasThibodeau@dayrep.com,Thibodeau,Nicholas,ROLE_USER
84569759,Pearom,na6Ooc5ohmae,GabrielleCoulombe@teleworm.us,Coulombe,Gabrielle,ROLE_USER
84569760,Suchiss,oPha8ahRae,FabienneTrudeau@teleworm.us,Trudeau,Fabienne,ROLE_USER
84569761,Lowee1994,Phaesee1,VictoireSenneville@teleworm.us,Senneville,Victoire,ROLE_USER
84569762,Haile1931,Peeng6Ohp,PeverellLaboissonnire@dayrep.com,Laboissonnière,Peverell,ROLE_USER
84569763,Asord1937,eiK1SeeSei,RosemarieHenrichon@armyspy.com,Henrichon,Rosemarie,ROLE_USER
84569764,Porwhou1973,nai2eiM1,BartlettDaigle@armyspy.com,Daigle,Bartlett,ROLE_USER
84569765,Sprilk,me7Tahgheiz,MusetteSavard@dayrep.com,Savard,Musette,ROLE_USER
84569766,Floo1950,joogahMi6h,MirabelleLereau@armyspy.com,Lereau,Mirabelle,ROLE_USER
84569767,Youghoss30,naiDaiz6eez,BriceMeilleur@dayrep.com,Meilleur,Brice,ROLE_USER
84569768,Thatereping,eCahyaeJ1Ei,JulienRouleau@teleworm.us,Rouleau,Julien,ROLE_USER
84569769,Knothad,te3Noov7,ArridanoBerthiaume@armyspy.com,Berthiaume,Arridano,ROLE_USER
84569770,Sile1974,phahnuw1Oo,CoretteBoncoeur@armyspy.com,Boncoeur,Corette,ROLE_USER
84569771,Vatread1947,Aseco0eithoo,CourtlandBouchard@dayrep.com,Bouchard,Courtland,ROLE_USER
84569772,Notheyeask,Thuo0Foo0ee,FantinaCharbonneau@teleworm.us,Charbonneau,Fantina,ROLE_USER
84569773,Morive,Chech9qu,ricChastain@dayrep.com,Chastain,Éric,ROLE_USER
84569774,Themerike,Fuy0Tiet1ah,ErmengardiDastous@dayrep.com,Dastous,Ermengardi,ROLE_USER
84569775,Welinigh,eethiaNg3e,EmmelineAchin@teleworm.us,Achin,Emmeline,ROLE_USER
84569776,Goomil70,Oogheumee6vah,PhilippineGaillard@dayrep.com,Gaillard,Philippine,ROLE_USER
84569777,Mustionown,Eif9Ohl3oh,ClariceSenneville@dayrep.com,Senneville,Clarice,ROLE_USER
84569778,Herthew,Ahqu4wie,KimberlyMHartley@teleworm.us,Hartley,Kimberly,ROLE_USER
84569779,Whold1952,Aongierae6,JenniferCSnowden@armyspy.com,Snowden,Jennifer,ROLE_USER
84569780,Dievendin,Eyai9shooK1,LizaWBarton@armyspy.com,Barton,Liza,ROLE_USER
84569781,Millort,ailooMah2ie,CandanceJArmstrong@teleworm.us,Armstrong,Candance,ROLE_USER
84569782,Neving,Chu6lezi4,MaureenRWalker@dayrep.com,Walker,Maureen,ROLE_USER
84569783,Hicter,eRuu4iesoch,EddieJCabrera@dayrep.com,Cabrera,Eddie,ROLE_USER
84569784,Hemen1947,ixoo7aShoo,JamesKChambers@teleworm.us,Chambers,James,ROLE_USER
84569785,Amesed,OhTee2ae,KayeCMathis@teleworm.us,Mathis,Kaye,ROLE_USER
84569786,Hisfireeness1956,ooGhies8ei,EdwardDWoodard@dayrep.com,Woodard,Edward,ROLE_USER
84569787,Ruday1946,qui4ao7G,HarrietteGareau@dayrep.com,Gareau,Harriette,ROLE_USER
84569788,Munter,jei8jeiBeiL,AvelaineJalbert@armyspy.com,Jalbert,Avelaine,ROLE_USER
84569789,Wastrid,ooCh8oow,CharlotPinette@dayrep.com,Pinette,Charlot,ROLE_USER
84569790,Rechat,Eekai1wah0,AlexandrinLessard@armyspy.com,Lessard,Alexandrin,ROLE_USER
84569791,Onexped,Ohnoo9Aenga,JohnCBach@armyspy.com,Bach,John,ROLE_USER
84569792,Lintioned,leiKeu4mee,PatriciaJRigby@armyspy.com,Rigby,Patricia,ROLE_USER
84569793,Thert1946,fooTie2aqua,RickyJHull@teleworm.us,Hull,Ricky,ROLE_USER
84569794,Whousee,hooVeih8au,ByronTReed@teleworm.us,Reed,Byron,ROLE_USER
84569795,Dosever,Gaih1ahc4ah,AlexanderEBader@armyspy.com,Bader,Alexander,ROLE_USER
84569796,Thenstaking,Dauyau1hee,RonaldSBurt@teleworm.us,Burt,Ronald,ROLE_USER
84569797,Holed1949,Foi4yiey9ei,MaryKThomas@teleworm.us,Thomas,Mary,ROLE_USER
84569798,Stioser,Fahchahth6ai,NellieJDawson@dayrep.com,Dawson,Nellie,ROLE_USER
84569799,Liested,ugu4yiH7ain,MadelineRThorp@dayrep.com,Thorp,Madeline,ROLE_USER
84569800,Theause,Mohgh5ni,DorothyJMigliore@armyspy.com,Migliore,Dorothy,ROLE_USER
84569801,Brold1988,Eo8ju6bei,JoseSBowen@dayrep.com,Bowen,Jose,ROLE_USER
84569802,Saughts,Vaishuch2R,ScottDHubbs@teleworm.us,Hubbs,Scott,ROLE_USER
84569803,Sursity,Niesh7ia2ch,RebeccaLJacobs@dayrep.com,Jacobs,Rebecca,ROLE_USER
84569804,Jusbancief,shohRenai1,MaryKBrown@teleworm.us,Brown,Mary,ROLE_USER
84569805,Mosemse,ooGh6Eeyee,ThomasABland@armyspy.com,Bland,Thomas,ROLE_USER
84569806,Ofteme39,oxiuf5Kee,PaulKDeal@armyspy.com,Deal,Paul,ROLE_USER
84569807,Orectime,Ich9bei1ahQu3,GregoryMCox@dayrep.com,Cox,Gregory,ROLE_USER
84569808,Boares80,Ei9xeet5ie,BretEMoses@armyspy.com,Moses,Bret,ROLE_USER
84569809,Thistoll,rei6ieY7i,JamesMRobinson@armyspy.com,Robinson,James,ROLE_USER
84569810,Thears77,EiHoh5zei,AmyBCox@armyspy.com,Cox,Amy,ROLE_USER
84569811,Encted,iZiecue0ai,ClaudeLacasse@armyspy.com,Lacasse,Claude,ROLE_USER
84569812,Niumber,Uu3OYieHo8,RussellLaisn@dayrep.com,Laisné,Russell,ROLE_USER
84569813,Niess1978,isiaX9Lie,GilbertBelisle@armyspy.com,Belisle,Gilbert,ROLE_USER
84569814,Majoysid,beeGh9uphee,OrielBerie@teleworm.us,Berie,Oriel,ROLE_USER
84569815,Upostablike1968,IWaeveP5eex,CaresseMireault@armyspy.com,Mireault,Caresse,ROLE_USER
84569816,Wevere92,ieph9Hu7Fe,DaisiLemelin@armyspy.com,Lemelin,Daisi,ROLE_USER
84569817,Esombeed,ELei2quaJ3e,DelitBaril@armyspy.com,Baril,Delit,ROLE_USER
84569818,Stithat,ahYah7Ah,ChristienBrunault@dayrep.com,Brunault,Christien,ROLE_USER
84569819,Mustrien,phem5Iet1Ae,VirginieGarreau@teleworm.us,Garreau,Virginie,ROLE_USER
84569820,Histink,uCh1Jeenai,FranckDuLin@armyspy.com,DuLin,Franck,ROLE_USER
84569821,Wentown,IeShie4koo,ChappellDuffet@teleworm.us,Duffet,Chappell,ROLE_USER
84569822,Bodly1974,uyeegai6aW,AlexandrinLacharit@dayrep.com,Lacharité,Alexandrin,ROLE_USER
84569823,Himmaing,Gei1muhie2h,CourtlandAudet@teleworm.us,Audet,Courtland,ROLE_USER
84569824,Toggs1954,ahPh1wupi3,ricDeLaVergne@teleworm.us,De,Éric,ROLE_USER
84569825,Thavat35,YaYoh8eeyoh,ChristabelSt-Jean@dayrep.com,St-Jean,Christabel,ROLE_USER
84569826,Hichad,Ih7uph0eeC1,ArchaimbauClment@dayrep.com,Clément,Archaimbau,ROLE_USER
84569827,Difusleas,bil8Oovae,BrigliadorPlourde@dayrep.com,Plourde,Brigliador,ROLE_USER
84569828,Amented,eiv4Siel,AgricanRen@armyspy.com,René,Agrican,ROLE_USER
84569829,Feling,cai3Ia1Eech,MerlinLacombe@armyspy.com,Lacombe,Merlin,ROLE_USER
84569830,Hoods1976,duiM3ahleish,DeniseRoy@dayrep.com,Roy,Denise,ROLE_USER
84569831,Dripse1962,Ukou5aer,LonBazinet@dayrep.com,Bazinet,Léon,ROLE_USER
84569832,Chor1931,efoosh5Oagh,AubreyLtourneau@dayrep.com,Létourneau,Aubrey,ROLE_USER
84569833,Upasylat,ohf9yohZ,ClaudeGrenier@teleworm.us,Grenier,Claude,ROLE_USER
84569834,Mucks1990,ahQuieM2aex,MoorePerreault@armyspy.com,Perreault,Moore,ROLE_USER
84569835,Wouldefory,Zuh6aiw3YiToh,VedetteDouffet@armyspy.com,Douffet,Vedette,ROLE_USER
84569836,Loord1979,noh7pho8iZoh,MarjolaineDuLin@armyspy.com,DuLin,Marjolaine,ROLE_USER
84569837,Sath1948,quai5Thai,VirginieGilbert@dayrep.com,Gilbert,Virginie,ROLE_USER
84569838,Fortake,reiRu3yu8r,DanielleNol@teleworm.us,Noël,Danielle,ROLE_USER
84569839,Threecul,Pizi9ohbaSh,MarphisaDionne@teleworm.us,Dionne,Marphisa,ROLE_USER
84569840,Beadayn,Pu8ifohj6,AugusteBouchard@armyspy.com,Bouchard,Auguste,ROLE_USER
84569841,Romustry,Nie3alaeTe5,MichleSoucy@dayrep.com,Soucy,Michèle,ROLE_USER
84569842,Wentop,geicieCh4H,FantinaRuais@armyspy.com,Ruais,Fantina,ROLE_USER
84569843,Soned1966,xoeched5UF,LianeArnoux@teleworm.us,Arnoux,Liane,ROLE_USER
84569844,Phroodession54,Ung1eer1Shoo,SimonePar@teleworm.us,Paré,Simone,ROLE_USER
84569845,Regingescom,abaisho8Yei,GanoLeclerc@dayrep.com,Leclerc,Gano,ROLE_USER
84569846,Shmer1965,ahna9EeJai9,RogerTachel@dayrep.com,Tachel,Roger,ROLE_USER
84569847,Souted,zuHiefahP9,RenArchambault@teleworm.us,Archambault,René,ROLE_USER
84569848,Wortatuslege,eihohZu9ais,EtoileBabin@dayrep.com,Babin,Etoile,ROLE_USER
84569849,Fortat,eogooCee5poo,MatildaPiedalue@armyspy.com,Piedalue,Matilda,ROLE_USER
84569850,Meir1965,uy7Ieno2,RosemarieBerthelette@armyspy.com,Berthelette,Rosemarie,ROLE_USER
84569851,Thisees,chooceiph6Sei9ai,ManvilleRoy@teleworm.us,Roy,Manville,ROLE_USER
84569852,Seliffe,Aesh0ohd7eib,MadeleneDesMeaux@teleworm.us,Des,Madelene,ROLE_USER
84569853,Stion1990,tu3eoGoi0,CurtisLaGarde@dayrep.com,LaGarde,Curtis,ROLE_USER
84569854,Arecas,shothu6Eefoo,VictoireCoudert@teleworm.us,Coudert,Victoire,ROLE_USER
84569855,Thembine,Uch2Kaeng,MarieDaoust@teleworm.us,Daoust,Marie,ROLE_USER
84569856,Hicusay,aed4Ooy8ong,NicholasGadbois@teleworm.us,Gadbois,Nicholas,ROLE_USER
84569857,Eachich,noigoh8Zie,HollyArcouet@teleworm.us,Arcouet,Holly,ROLE_USER
84569858,Bastakered44,OoNieVo3,GrgoireCarrire@dayrep.com,Carrière,Grégoire,ROLE_USER
84569859,Upoettly,OK3Ooduo3,AlphonsineMarcil@dayrep.com,Marcil,Alphonsine,ROLE_USER
84569860,Agive1992,nea7oCam,AdorleeFranchet@teleworm.us,Franchet,Adorlee,ROLE_USER
84569861,Witer1934,Uthoif7oo,TelfordCinq-Mars@teleworm.us,Cinq-Mars,Telford,ROLE_USER
84569862,Coug1947,Chee2shahgh,RabicanDandonneau@armyspy.com,Dandonneau,Rabican,ROLE_USER
84569863,Armove,zah5ief8Xi5,MelvilleLouis@armyspy.com,Louis,Melville,ROLE_USER
84569864,Difule,ooxooh5Eul9,CinderellaSirois@dayrep.com,Sirois,Cinderella,ROLE_USER
84569865,Goomencirt,sae0shee9D,GradassoLaGrande@teleworm.us,LaGrande,Gradasso,ROLE_USER
84569866,Weepatien,Aiwiet2g,ErnestAllaire@dayrep.com,Allaire,Ernest,ROLE_USER
84569867,Imperesed,ii9weipooNg,ArthurFortin@armyspy.com,Fortin,Arthur,ROLE_USER
84569868,Thisfaces,shahK0sohZ4,MerciGoulet@armyspy.com,Goulet,Merci,ROLE_USER
84569869,Sevoy1987,ce0wooSh,SbastienDupuy@teleworm.us,Dupuy,Sébastien,ROLE_USER
84569870,Thiptiout42,Upahx9Eiph,EloiseCouet@teleworm.us,Couet,Eloise,ROLE_USER
84569871,Seepir77,Ox5xii4Ee,ClothildeChalifour@armyspy.com,Chalifour,Clothilde,ROLE_USER
84569872,Begavis,Ees9re5p,GauthierGrimard@teleworm.us,Grimard,Gauthier,ROLE_USER
84569873,Oull1994,woZoh5dei,AgnsPoirier@dayrep.com,Poirier,Agnès,ROLE_USER
84569874,Museem1950,Vahngah1gei,TempesteMercier@dayrep.com,Mercier,Tempeste,ROLE_USER
84569875,Tiever,aeb2Heite,GeneviveGalarneau@dayrep.com,Galarneau,Geneviève,ROLE_USER
84569876,Purs1933,hu2Dae3sho2,EdmeeLabossire@teleworm.us,Labossière,Edmee,ROLE_USER
84569877,Stionve,ahWie4jo,ArtusGarreau@teleworm.us,Garreau,Artus,ROLE_USER
84569878,Thears89,wahChooc8,ClaudetteVachon@teleworm.us,Vachon,Claudette,ROLE_USER
84569879,Rethe1945,eiteeCh8e,LaRouxLalibert@armyspy.com,Roux,La,ROLE_USER
84569880,Gring1942,Nie5Eicie2,RobinetteFortin@armyspy.com,Fortin,Robinette,ROLE_USER
84569881,Upcove,ahuSoPh8,tienneCailot@armyspy.com,Cailot,Étienne,ROLE_USER
84569882,Eprint,oe3Aiposhie,JulienLejeune@teleworm.us,Lejeune,Julien,ROLE_USER
84569883,Prent1936,pie8ICheiR,MarineMartel@dayrep.com,Martel,Marine,ROLE_USER
84569884,Deaved36,IM4xee4o,ClaudetteLHeureux@dayrep.com,L'Heureux,Claudette,ROLE_USER
84569885,Hancrinum,ioTei3Jae,BurkettPoulin@armyspy.com,Poulin,Burkett,ROLE_USER
84569886,Ining1938,aroF8ea3cee,ValiantBarteaux@teleworm.us,Barteaux,Valiant,ROLE_USER
84569887,Madis1993,ooBi8miet,LotyeSauv@dayrep.com,Sauvé,Lotye,ROLE_USER
84569888,Reephy1953,eegh5Yoyoh,FitzPpin@teleworm.us,Pépin,Fitz,ROLE_USER
84569889,Forstized,Thahz7iezoK,PomeroyDesruisseaux@teleworm.us,Desruisseaux,Pomeroy,ROLE_USER
84569890,Sheader,OhteeK6coi,FiacreGaillard@armyspy.com,Gaillard,Fiacre,ROLE_USER
84569891,Untrat,eish2Axa,LouiseSicard@armyspy.com,Sicard,Louise,ROLE_USER
84569892,Migh1950,Ue0eiP5Ii,ForrestAucoin@dayrep.com,Aucoin,Forrest,ROLE_USER
84569893,Wasuce,hae9xeenaG6esh,YvetteLanoie@dayrep.com,Lanoie,Yvette,ROLE_USER
84569894,Dret1985,ohThaek1goh,AdrienneGoguen@armyspy.com,Goguen,Adrienne,ROLE_USER
84569895,Prost1956,ep3ohKeeM9ei,XavierrePaquette@teleworm.us,Paquette,Xavierre,ROLE_USER
84569896,Mousee,ieQuus1ohh,FortunGabriaux@teleworm.us,Gabriaux,Fortun,ROLE_USER
84569897,Marge1941,thae2Eequ,MarineJoly@teleworm.us,Joly,Marine,ROLE_USER
84569898,Utupost,oonaiSh4X,FerrauLatourelle@armyspy.com,Latourelle,Ferrau,ROLE_USER
84569899,Truithe1988,jei9eeChah9ah,MethenaPaquet@dayrep.com,Paquet,Methena,ROLE_USER
84569900,Elow1953,oomieW1oi,EugneDupuis@armyspy.com,Dupuis,Eugène,ROLE_USER
84569901,Fetudiet,Eera0oigh,ScovilleRhaume@armyspy.com,Rhéaume,Scoville,ROLE_USER
84569902,Aniused,igh0ieNg,CharlesBertrand@teleworm.us,Bertrand,Charles,ROLE_USER
84569903,Sence1975,woWa3xii,ArnouGingras@teleworm.us,Gingras,Arnou,ROLE_USER
84569904,Comay1937,aihohch5Th,CalandreDoiron@armyspy.com,Doiron,Calandre,ROLE_USER
84569905,Jointlaim,Neeg7Ixahp1,ParfaitGregoire@teleworm.us,Gregoire,Parfait,ROLE_USER
84569906,Cuthich,iequ4Sei2,VictoireRacine@armyspy.com,Racine,Victoire,ROLE_USER
84569907,Htful1942,EicoaToo9Ee,VictoireLefbvre@dayrep.com,Lefèbvre,Victoire,ROLE_USER
84569908,Torme1967,Aithoo8peex,tienneJobin@teleworm.us,Jobin,Étienne,ROLE_USER
84569909,Prepireare,ahxoCh2e,MatthieuGiroux@teleworm.us,Giroux,Matthieu,ROLE_USER
84569910,Wraom1972,wai3pooCh,MayhewLaCaille@dayrep.com,LaCaille,Mayhew,ROLE_USER
84569911,Yesso1953,iMaexa7ie,SbastienPatel@teleworm.us,Patel,Sébastien,ROLE_USER
84569912,Opeance,Vi1al8ux,FrdriqueThberge@teleworm.us,Théberge,Frédérique,ROLE_USER
84569913,Unry1956,lah8qua2Chie,EulalieDesrosiers@dayrep.com,Desrosiers,Eulalie,ROLE_USER
84569914,Deconsenry,Maip0gi4,RaisonDziel@armyspy.com,Déziel,Raison,ROLE_USER
84569915,Willearrimay,eu6AoHamooj,ClariceClavet@armyspy.com,Clavet,Clarice,ROLE_USER
84569916,Promand,yaaghu5Xoh,VachelGougeon@armyspy.com,Gougeon,Vachel,ROLE_USER
84569917,Theranded1948,Ieb5maiRov7,CalandreBrunelle@armyspy.com,Brunelle,Calandre,ROLE_USER
84569918,Burt1970,Neing8bei,GauthierBlanger@armyspy.com,Bélanger,Gauthier,ROLE_USER
84569919,Derestle,ohSh2Hai,liseMontminy@teleworm.us,Montminy,Élise,ROLE_USER
84569920,Ciageng,eib5va3Yath,NannaArchambault@armyspy.com,Archambault,Nanna,ROLE_USER
84569921,Ineack,samoh5Ohch,GayDupont@teleworm.us,Dupont,Gay,ROLE_USER
84569922,Ginstioniff1966,thiith7ohM,MartheDeschnes@dayrep.com,Deschênes,Marthe,ROLE_USER
84569923,Pilly1937,azae3Eekeih,ZerbinoCaron@teleworm.us,Caron,Zerbino,ROLE_USER
84569924,Whoste1936,Zee5ugh6,DamianeFecteau@armyspy.com,Fecteau,Damiane,ROLE_USER
84569925,Thatund,Ig7oquai,PorterPlaisance@teleworm.us,Plaisance,Porter,ROLE_USER
84569926,Thones,yiu6Ahdein,FaunaBoulanger@dayrep.com,Boulanger,Fauna,ROLE_USER
84569927,Beading,Fe0tai7Aebu,NamoMetivier@teleworm.us,Metivier,Namo,ROLE_USER
84569928,Coped1965,miogah7Ohj,LaverneRouze@armyspy.com,Rouze,Laverne,ROLE_USER
84569929,Kniturse,EtheiK9pieyoo,GermainBusson@armyspy.com,Busson,Germain,ROLE_USER
84569930,Cleaskulty,Gei8toh0ai,GauthierLeclerc@teleworm.us,Leclerc,Gauthier,ROLE_USER
84569931,Stittair53,ohNeebi5,AmberRobert@teleworm.us,Robert,Amber,ROLE_USER
84569932,Butineened,Oodaeph8sae,LealPpin@teleworm.us,Pépin,Leal,ROLE_USER
84569933,Romse1947,aaphie2E,FrancisCovillon@armyspy.com,Covillon,Francis,ROLE_USER
84569934,Stess1968,hoo3Aewo,GilbertSevier@dayrep.com,Sevier,Gilbert,ROLE_USER
84569935,Wasky1989,ieghoac1Y,MarcelPotvin@armyspy.com,Potvin,Marcel,ROLE_USER
84569936,Catere,FooM0thoo,MartheQuessy@armyspy.com,Quessy,Marthe,ROLE_USER
84569937,Sond1963,Iyaeshei0,DidierClavette@teleworm.us,Clavette,Didier,ROLE_USER
84569938,Offe1929,furieNge8ui,ManvillePatenaude@teleworm.us,Patenaude,Manville,ROLE_USER
84569939,Plut1930,vaeXuihaix2oo,AngeliqueCharrette@dayrep.com,Charrette,Angelique,ROLE_USER
84569940,Witaken,Achiesh8eD,BlancheGabriaux@armyspy.com,Gabriaux,Blanche,ROLE_USER
84569941,Roys1941,eiX5ero0qu,PerrinDespins@dayrep.com,Despins,Perrin,ROLE_USER
84569942,Fortioneaks84,Phi5oKei,ChristienBrisette@armyspy.com,Brisette,Christien,ROLE_USER
84569943,Eacce1941,Toog4xu0V,MethenaFongemie@dayrep.com,Fongemie,Methena,ROLE_USER
84569944,Hatty1988,aivaiWoe5ir,HenryBrousseau@teleworm.us,Brousseau,Henry,ROLE_USER
84569945,Selaid,eec5maeG7,AlacoqueSimon@teleworm.us,Simon,Alacoque,ROLE_USER
84569946,Hort1964,uPah3kaij,AyaBouchard@armyspy.com,Bouchard,Aya,ROLE_USER
84569947,Ruiter,OF0kahgai,SlainiePaquette@dayrep.com,Paquette,Slainie,ROLE_USER
84569948,Wituartany,tha3eelah3C,JulienneFrancoeur@armyspy.com,Francoeur,Julienne,ROLE_USER
84569949,Sespor1930,apheiC0n,CoralieBegin@dayrep.com,Begin,Coralie,ROLE_USER
84569950,Hoppen,Ookut8doo,HuetteMorel@teleworm.us,Morel,Huette,ROLE_USER